Rank,CCA3,Country/Territory,Capital,Continent,2022 Population,2020 Population,2015 Population,2010 Population,2000 Population,1990 Population,1980 Population,1970 Population,Area (km²),Density (per km²),Growth Rate,World Population Percentage,Country,Region,Population,Area (sq. mi.),Pop. Density (per sq. mi.),Coastline (coast/area ratio),Net migration,Infant mortality (per 1000 births),GDP ($ per capita),Literacy (%),Phones (per 1000),Arable (%),Crops (%),Other (%),Climate,Birthrate,Deathrate,Agriculture,Industry,Service
36,AFG,Afghanistan,Kabul,Asia,41128771,38972230,33753499,28189672,19542982,10694796,12486631,10752971,652230,63.0587,1.0257,0.52,Afghanistan ,ASIA (EX. NEAR EAST)         ,31056997,647500,48.0,0.00,23.06,163.07,700.0,36.0,3.2,12.13,0.22,87.65,1,46.6,20.34,0.38,0.24,0.38
138,ALB,Albania,Tirana,Europe,2842321,2866849,2882481,2913399,3182021,3295066,2941651,2324731,28748,98.8702,0.9957,0.04,Albania ,EASTERN EUROPE                     ,3581655,28748,124.6,1.26,-4.93,21.52,4500.0,86.5,71.2,21.09,4.42,74.49,3,15.11,5.22,232,188,579
34,DZA,Algeria,Algiers,Africa,44903225,43451666,39543154,35856344,30774621,25518074,18739378,13795915,2381741,18.8531,1.0164,0.56,Algeria ,NORTHERN AFRICA                    ,32930091,2381740,13.8,0.04,-0.39,31,6000.0,70.0,78.1,3.22,0.25,96.53,1,17.14,4.61,101,0.6,298
213,ASM,American Samoa,Pago Pago,Oceania,44273,46189,51368,54849,58230,47818,32886,27075,199,222.4774,0.9831,0.0,American Samoa ,OCEANIA                            ,57794,199,290.4,58.29,-20.71,9.27,8000.0,97.0,259.5,10.0,15.0,75.0,2,22.46,3.27,nan,nan,nan
203,AND,Andorra,Andorra la Vella,Europe,79824,77700,71746,71519,66097,53569,35611,19860,468,170.5641,1.01,0.0,Andorra ,WESTERN EUROPE                     ,71201,468,152.1,0.00,6.6,4.05,19000.0,100.0,497.2,2.22,0.0,97.78,3,8.71,6.25,nan,nan,nan
42,AGO,Angola,Luanda,Africa,35588987,33428485,28127721,23364185,16394062,11828638,8330047,6029700,1246700,28.5466,1.0315,0.45,Angola ,SUB-SAHARAN AFRICA                 ,12127071,1246700,9.7,0.13,0,191.19,1900.0,42.0,7.8,2.41,0.24,97.35,nan,45.11,24.2,96,658,246
224,AIA,Anguilla,The Valley,North America,15857,15585,14525,13172,11047,8316,6560,6283,91,174.2527,1.0066,0.0,Anguilla ,LATIN AMER. & CARIB    ,13477,102,132.1,59.80,10.76,21.03,8600.0,95.0,460.0,0.0,0.0,100.0,2,14.17,5.34,0.04,0.18,0.78
201,ATG,Antigua and Barbuda,Saint John’s,North America,93763,92664,89941,85695,75055,63328,64888,64516,442,212.1335,1.0058,0.0,Antigua & Barbuda ,LATIN AMER. & CARIB    ,69108,443,156.0,34.54,-6.15,19.46,11000.0,89.0,549.9,18.18,4.55,77.27,2,16.93,5.37,38,0.22,743
33,ARG,Argentina,Buenos Aires,South America,45510318,45036032,43257065,41100123,37070774,32637657,28024803,23842803,2780400,16.3683,1.0052,0.57,Argentina ,LATIN AMER. & CARIB    ,39921833,2766890,14.4,0.18,0.61,15.18,11200.0,97.1,220.4,12.31,0.48,87.21,3,16.73,7.55,95,358,547
140,ARM,Armenia,Yerevan,Asia,2780469,2805608,2878595,2946293,3168523,3556539,3135123,2534377,29743,93.4831,0.9962,0.03,Armenia ,C.W. OF IND. STATES ,2976372,29800,99.9,0.00,-6.47,23.28,3500.0,98.6,195.7,17.55,2.3,80.15,4,12.07,8.23,239,343,418
198,ABW,Aruba,Oranjestad,North America,106445,106585,104257,100341,89101,65712,62267,59106,180,591.3611,0.9991,0.0,Aruba ,LATIN AMER. & CARIB    ,71891,193,372.5,35.49,0,5.89,28000.0,97.0,516.1,10.53,0.0,89.47,2,11.03,6.68,4,333,663
55,AUS,Australia,Canberra,Oceania,26177413,25670051,23820236,22019168,19017963,17048003,14706322,12595034,7692024,3.4032,1.0099,0.33,Australia ,OCEANIA                            ,20264082,7686850,2.6,0.34,3.98,4.69,29000.0,100.0,565.5,6.55,0.04,93.41,1,12.14,7.51,38,262,0.7
99,AUT,Austria,Vienna,Europe,8939617,8907777,8642421,8362829,8010428,7678729,7547561,7465301,83871,106.5877,1.002,0.11,Austria ,WESTERN EUROPE                     ,8192880,83870,97.7,0.00,2,4.66,30000.0,98.0,452.2,16.91,0.86,82.23,3,8.74,9.76,18,304,678
91,AZE,Azerbaijan,Baku,Asia,10358074,10284951,9863480,9237202,8190337,7427836,6383060,5425317,86600,119.6082,1.0044,0.13,Azerbaijan ,C.W. OF IND. STATES ,7961619,86600,91.9,0.00,-4.9,81.74,3400.0,97.0,137.1,19.63,2.71,77.66,1,20.74,9.75,141,457,402
176,BHS,Bahamas,Nassau,North America,409984,406471,392697,373272,325014,270679,223752,179129,13943,29.4043,1.0051,0.01,Bahamas. The ,LATIN AMER. & CARIB    ,303770,13940,21.8,25.41,-2.2,25.21,16700.0,95.6,460.6,0.8,0.4,98.8,2,17.57,9.05,0.03,0.07,0.9
154,BHR,Bahrain,Manama,Asia,1472233,1477469,1362142,1213645,711442,517418,362595,222555,765,1924.4876,1.0061,0.02,Bahrain ,NEAR EAST                          ,698585,665,1050.5,24.21,1.05,17.27,16900.0,89.1,281.3,2.82,5.63,91.55,1,17.8,4.14,5,387,608
8,BGD,Bangladesh,Dhaka,Asia,171186372,167420951,157830000,148391139,129193327,107147651,83929765,67541860,147570,1160.035,1.0108,2.15,Bangladesh ,ASIA (EX. NEAR EAST)         ,147365352,144000,1023.4,0.40,-0.71,62.6,1900.0,43.1,7.3,62.11,3.07,34.82,2,29.8,8.27,199,198,603
186,BRB,Barbados,Bridgetown,North America,281635,280693,278083,274711,264657,258868,253575,241397,430,654.9651,1.0015,0.0,Barbados ,LATIN AMER. & CARIB    ,279912,431,649.5,22.51,-0.31,12.5,15700.0,97.4,481.9,37.21,2.33,60.46,2,12.71,8.67,0.06,0.16,0.78
96,BLR,Belarus,Minsk,Europe,9534954,9633740,9700609,9731427,10256483,10428525,9817257,9170786,207600,45.9295,0.9955,0.12,Belarus ,C.W. OF IND. STATES ,10293011,207600,49.6,0.00,2.54,13.37,6100.0,99.6,319.1,29.55,0.6,69.85,4,11.16,14.02,93,316,591
81,BEL,Belgium,Brussels,Europe,11655930,11561717,11248303,10877947,10264343,9959560,9828986,9629376,30528,381.8111,1.0038,0.15,Belgium ,WESTERN EUROPE                     ,10379067,30528,340.0,0.22,1.23,4.68,29100.0,98.0,462.6,23.28,0.4,76.32,3,10.38,10.27,0.01,0.24,749
177,BLZ,Belize,Belmopan,North America,405272,394921,359871,322106,240406,182589,145133,120905,22966,17.6466,1.0131,0.01,Belize ,LATIN AMER. & CARIB    ,287730,22966,12.5,1.68,0,25.69,4900.0,94.1,115.7,2.85,1.71,95.44,2,28.84,5.72,142,152,612
77,BEN,Benin,Porto-Novo,Africa,13352864,12643123,10932783,9445710,6998023,5133419,3833939,3023443,112622,118.5635,1.0274,0.17,Benin ,SUB-SAHARAN AFRICA                 ,7862944,112620,69.8,0.11,0,85,1100.0,40.9,9.7,18.08,2.4,79.52,2,38.85,12.22,316,138,546
206,BMU,Bermuda,Hamilton,North America,64184,64031,63144,63447,61371,57470,53565,52019,54,1188.5926,1.0,0.0,Bermuda ,NORTHERN AMERICA                   ,65773,53,1241.0,194.34,2.49,8.53,36000.0,98.0,851.4,20.0,0.0,80.0,2,11.4,7.74,0.01,0.1,0.89
165,BTN,Bhutan,Thimphu,Asia,782455,772506,743274,705516,587207,558442,415257,298894,38394,20.3796,1.0064,0.01,Bhutan ,ASIA (EX. NEAR EAST)         ,2279723,47000,48.5,0.00,0,100.44,1300.0,42.2,14.3,3.09,0.43,96.48,2,33.65,12.7,258,379,363
80,BOL,Bolivia,Sucre,South America,12224110,11936162,11090085,10223270,8592656,7096194,5736088,4585693,1098581,11.1272,1.012,0.15,Bolivia ,LATIN AMER. & CARIB    ,8989046,1098580,8.2,0.00,-1.32,53.11,2400.0,87.2,71.9,2.67,0.19,97.14,1.5,23.3,7.53,128,352,0.52
137,BIH,Bosnia and Herzegovina,Sarajevo,Europe,3233526,3318407,3524324,3811088,4179350,4494310,4199820,3815561,51209,63.1437,0.9886,0.04,Bosnia & Herzegovina ,EASTERN EUROPE                     ,4498976,51129,88.0,0.04,0.31,21.05,6100.0,,215.4,13.6,2.96,83.44,4,8.77,8.27,142,308,0.55
144,BWA,Botswana,Gaborone,Africa,2630296,2546402,2305171,2091664,1726985,1341474,938578,592244,582000,4.5194,1.0162,0.03,Botswana ,SUB-SAHARAN AFRICA                 ,1639833,600370,2.7,0.00,0,54.58,9000.0,79.8,80.5,0.65,0.01,99.34,1,23.08,29.5,24,469,507
7,BRA,Brazil,Brasilia,South America,215313498,213196304,205188205,196353492,175873720,150706446,122288383,96369875,8515767,25.2841,1.0046,2.7,Brazil ,LATIN AMER. & CARIB    ,188078227,8511965,22.1,0.09,-0.03,29.61,7600.0,86.4,225.3,6.96,0.9,92.15,2,16.56,6.17,84,0.4,516
221,VGB,British Virgin Islands,Road Town,North America,31305,30910,29366,27556,20104,15617,11109,9581,151,207.3179,1.0059,0.0,British Virgin Is. ,LATIN AMER. & CARIB    ,23098,153,151.0,52.29,10.01,18.05,16000.0,97.8,506.5,20.0,6.67,73.33,2,14.89,4.42,18,62,0.92
221,VGB,British Virgin Islands,Road Town,North America,31305,30910,29366,27556,20104,15617,11109,9581,151,207.3179,1.0059,0.0,Virgin Islands ,LATIN AMER. & CARIB    ,108605,1910,56.9,9.84,-8.94,8.03,17200.0,,652.8,11.76,2.94,85.3,2,13.96,6.43,0.01,0.19,0.8
175,BRN,Brunei,Bandar Seri Begawan,Asia,449002,441725,421437,396053,333926,261928,187921,133343,5765,77.8841,1.0081,0.01,Brunei ,ASIA (EX. NEAR EAST)         ,379444,5770,65.8,2.79,3.59,12.61,18600.0,93.9,237.2,0.57,0.76,98.67,2,18.79,3.45,36,561,403
108,BGR,Bulgaria,Sofia,Europe,6781953,6979175,7309253,7592273,8097691,8767778,8980606,8582950,110879,61.1654,0.9849,0.09,Bulgaria ,EASTERN EUROPE                     ,7385367,110910,66.6,0.32,-4.58,20.55,7600.0,98.6,336.3,40.02,1.92,58.06,3,9.65,14.27,93,304,603
58,BFA,Burkina Faso,Ouagadougou,Africa,22673762,21522626,18718019,16116845,11882888,9131361,6932967,5611666,272967,83.0641,1.0259,0.28,Burkina Faso ,SUB-SAHARAN AFRICA                 ,13902972,274200,50.7,0.00,0,97.57,1100.0,26.6,7.0,14.43,0.19,85.38,2,45.62,15.6,322,196,482
78,BDI,Burundi,Bujumbura,Africa,12889576,12220227,10727148,9126605,6307659,5483793,4312834,3497834,27834,463.0874,1.027,0.16,Burundi ,SUB-SAHARAN AFRICA                 ,8090068,27830,290.7,0.00,-0.06,69.29,600.0,51.6,3.4,35.05,14.02,50.93,2,42.22,13.46,463,203,334
73,KHM,Cambodia,Phnom Penh,Asia,16767842,16396860,15417523,14363532,12118841,8910808,6198959,6708525,181035,92.6221,1.0108,0.21,Cambodia ,ASIA (EX. NEAR EAST)         ,13881427,181040,76.7,0.24,0,71.48,1900.0,69.4,2.6,20.96,0.61,78.43,2,26.9,9.06,0.35,0.3,0.35
53,CMR,Cameroon,Yaounde,Africa,27914536,26491087,23012646,19878036,15091594,11430520,8519891,6452787,475442,58.7128,1.0263,0.35,Cameroon ,SUB-SAHARAN AFRICA                 ,17340702,475440,36.5,0.08,0,68.26,1800.0,79.0,5.7,12.81,2.58,84.61,1.5,33.89,13.47,448,0.17,382
39,CAN,Canada,Ottawa,North America,38454327,37888705,35732126,33963412,30683313,27657204,24511510,21434577,9984670,3.8513,1.0078,0.48,Canada ,NORTHERN AMERICA                   ,33098932,9984670,3.3,2.02,5.96,4.75,29800.0,97.0,552.2,4.96,0.02,95.02,nan,10.78,7.8,22,294,684
171,CPV,Cape Verde,Praia,Africa,593149,582640,552166,521212,458251,364563,317234,287262,4033,147.0739,1.0089,0.01,Cape Verde ,SUB-SAHARAN AFRICA                 ,420979,4033,104.4,23.93,-12.07,47.77,1400.0,76.6,169.6,9.68,0.5,89.82,3,24.87,6.55,121,219,0.66
205,CYM,Cayman Islands,George Town,North America,68706,67311,60911,54074,39658,26027,17100,10533,264,260.25,1.0084,0.0,Cayman Islands ,LATIN AMER. & CARIB    ,45436,262,173.4,61.07,18.75,8.19,35000.0,98.0,836.3,3.85,0.0,96.15,2,12.74,4.89,14,32,954
117,CAF,Central African Republic,Bangui,Africa,5579144,5343020,4819333,4660067,3759170,2809221,2415276,2067356,622984,8.9555,1.0224,0.07,Central African Rep. ,SUB-SAHARAN AFRICA                 ,4303356,622984,6.9,0.00,0,91,1100.0,51.0,2.3,3.1,0.14,96.76,2,33.91,18.65,0.55,0.2,0.25
69,TCD,Chad,N'Djamena,Africa,17723315,16644701,14140274,11894727,8259137,5827069,4408230,3667394,1284000,13.8032,1.0316,0.22,Chad ,SUB-SAHARAN AFRICA                 ,9944201,1284000,7.7,0.00,-0.11,93.82,1200.0,47.5,1.3,2.86,0.02,97.12,2,45.73,16.38,335,259,406
65,CHL,Chile,Santiago,South America,19603733,19300315,17870124,17004162,15351799,13342868,11469828,9820481,756102,25.9274,1.0057,0.25,Chile ,LATIN AMER. & CARIB    ,16134219,756950,21.3,0.85,0,8.8,9900.0,96.2,213.0,2.65,0.42,96.93,3,15.23,5.81,0.06,493,447
1,CHN,China,Beijing,Asia,1425887337,1424929781,1393715448,1348191368,1264099069,1153704252,982372466,822534450,9706961,146.8933,1.0,17.88,China ,ASIA (EX. NEAR EAST)         ,1313973713,9596960,136.9,0.15,-0.4,24.18,5000.0,90.9,266.7,15.4,1.25,83.35,1.5,13.25,6.97,125,473,403
28,COL,Colombia,Bogota,South America,51874024,50930662,47119728,44816108,39215135,32601393,26176195,20905254,1141748,45.4339,1.0069,0.65,Colombia ,LATIN AMER. & CARIB    ,43593035,1138910,38.3,0.28,-0.31,20.97,6300.0,92.5,176.2,2.42,1.67,95.91,2,20.48,5.58,125,342,533
163,COM,Comoros,Moroni,Africa,836774,806166,730216,656024,536758,431119,328328,242351,1862,449.3953,1.0184,0.01,Comoros ,SUB-SAHARAN AFRICA                 ,690948,2170,318.4,15.67,0,74.93,700.0,56.5,24.5,35.87,23.32,40.81,2,36.93,8.2,0.4,0.04,0.56
223,COK,Cook Islands,Avarua,Oceania,17011,17029,17695,17212,15897,17123,17651,20470,236,72.0805,1.0005,0.0,Cook Islands ,OCEANIA                            ,21388,240,89.1,50.00,nan,nan,5000.0,95.0,289.9,17.39,13.04,69.57,2,21.0,,151,96,753
124,CRI,Costa Rica,San José,North America,5180829,5123105,4895242,4622252,3979193,3158253,2414303,1855697,51100,101.3861,1.0052,0.06,Costa Rica ,LATIN AMER. & CARIB    ,4075261,51100,79.8,2.52,0.51,9.95,9100.0,96.0,340.7,4.41,5.88,89.71,2,18.32,4.36,88,299,614
130,HRV,Croatia,Zagreb,Europe,4030358,4096868,4254815,4368682,4548434,4873707,4680144,4492638,56594,71.2153,0.9927,0.05,Croatia ,EASTERN EUROPE                     ,4494749,56542,79.5,10.32,1.58,6.84,10600.0,98.5,420.4,26.09,2.27,71.65,nan,9.61,11.48,0.07,308,622
85,CUB,Cuba,Havana,North America,11212191,11300698,11339894,11290417,11105791,10626680,9809107,8869636,109884,102.0366,0.9961,0.14,Cuba ,LATIN AMER. & CARIB    ,11382820,110860,102.7,3.37,-1.58,6.33,2900.0,97.0,74.7,33.05,7.6,59.35,2,11.89,7.22,55,261,684
158,CYP,Cyprus,Nicosia,Europe,1251488,1237537,1187280,1129686,948237,788500,679327,640804,9251,135.2814,1.0059,0.02,Cyprus ,NEAR EAST                          ,784301,9250,84.8,7.01,0.43,7.18,19200.0,97.6,,7.79,4.44,87.77,3,12.56,7.68,37,198,765
88,CZE,Czech Republic,Prague,Europe,10493986,10530953,10523798,10464749,10234710,10301192,10270060,9795744,78865,133.0627,0.9984,0.13,Czech Republic ,EASTERN EUROPE                     ,10235455,78866,129.8,0.00,0.97,3.93,15700.0,99.9,314.3,39.8,3.05,57.15,3,9.02,10.59,34,393,573
115,DNK,Denmark,Copenhagen,Europe,5882261,5825641,5677796,5550849,5340655,5144623,5125392,4922963,43094,136.4984,1.0048,0.07,Denmark ,WESTERN EUROPE                     ,5450661,43094,126.5,16.97,2.48,4.56,31100.0,100.0,614.6,54.02,0.19,45.79,3,11.13,10.36,18,246,735
160,DJI,Djibouti,Djibouti,Africa,1120849,1090156,1006259,919199,742033,577173,324121,144379,23200,48.3125,1.0138,0.01,Djibouti ,SUB-SAHARAN AFRICA                 ,486530,23000,21.2,1.37,0,104.13,1300.0,67.9,22.8,0.04,0.0,99.96,1,39.53,19.31,179,225,596
204,DMA,Dominica,Roseau,North America,72737,71995,70007,68755,68346,69481,72978,68895,751,96.8535,1.0045,0.0,Dominica ,LATIN AMER. & CARIB    ,68910,754,91.4,19.63,-13.87,14.15,5400.0,94.0,304.8,6.67,20.0,73.33,2,15.27,6.73,177,328,495
84,DOM,Dominican Republic,Santo Domingo,North America,11228821,10999664,10405832,9775755,8540791,7129004,5755800,4475871,48671,230.7087,1.01,0.14,Dominican Republic ,LATIN AMER. & CARIB    ,9183984,48730,188.5,2.64,-3.22,32.38,6000.0,84.7,97.4,22.65,10.33,67.02,2,23.22,5.73,112,306,582
67,ECU,Ecuador,Quito,South America,18001000,17588595,16195902,14989585,12626507,10449837,8135845,6172215,276841,65.0229,1.0114,0.23,Ecuador ,LATIN AMER. & CARIB    ,13547510,283560,47.8,0.79,-8.58,23.66,3300.0,92.5,125.6,5.85,4.93,89.22,2,22.29,4.23,0.07,312,618
14,EGY,Egypt,Cairo,Africa,110990103,107465134,97723799,87252413,71371371,57214630,43748556,34781986,1002450,110.7188,1.0158,1.39,Egypt ,NORTHERN AFRICA                    ,78887007,1001450,78.8,0.24,-0.22,32.59,4000.0,57.7,131.8,2.87,0.48,96.65,1,22.94,5.23,149,357,493
112,SLV,El Salvador,San Salvador,North America,6336392,6292731,6231066,6114034,5958482,5367179,4508992,3619090,21041,301.145,1.0035,0.08,El Salvador ,LATIN AMER. & CARIB    ,6822378,21040,324.3,1.46,-3.74,25.1,4800.0,80.2,142.4,31.85,12.07,56.08,2,26.61,5.78,99,302,599
152,GNQ,Equatorial Guinea,Malabo,Africa,1674908,1596049,1346973,1094524,684977,465549,282509,316955,28051,59.7094,1.0247,0.02,Equatorial Guinea ,SUB-SAHARAN AFRICA                 ,540109,28051,19.3,1.06,0,85.13,2700.0,85.7,18.5,4.63,3.57,91.8,2,35.59,15.06,0.03,906,62
132,ERI,Eritrea,Asmara,Africa,3684032,3555868,3340006,3147727,2392880,2149960,1657982,1272748,117600,31.3268,1.0176,0.05,Eritrea ,SUB-SAHARAN AFRICA                 ,4786994,121320,39.5,1.84,0,74.87,700.0,58.6,7.9,4.95,0.03,95.02,1.5,34.33,9.6,102,254,643
156,EST,Estonia,Tallinn,Europe,1326062,1329444,1314657,1331535,1396877,1570674,1476983,1361999,45227,29.3201,0.998,0.02,Estonia ,BALTICS                            ,1324333,45226,29.3,8.39,-3.16,7.87,12300.0,99.8,333.8,16.04,0.45,83.51,3,10.04,13.25,0.04,294,666
12,ETH,Ethiopia,Addis Ababa,Africa,123379924,117190911,102471895,89237791,67031867,47878073,34945469,28308246,1104300,111.7268,1.0257,1.55,Ethiopia ,SUB-SAHARAN AFRICA                 ,74777981,1127127,66.3,0.00,0,95.32,700.0,42.7,8.2,10.71,0.75,88.54,2,37.98,14.86,475,99,426
209,FRO,Faroe Islands,Tórshavn,Europe,53090,52415,48816,48410,45660,47479,43054,38416,1393,38.112,1.0038,0.0,Faroe Islands ,WESTERN EUROPE                     ,47246,1399,33.8,79.84,1.41,6.24,22000.0,,503.8,2.14,0.0,97.86,nan,14.05,8.7,0.27,0.11,0.62
162,FJI,Fiji,Suva,Oceania,929766,920422,917200,905169,832509,780430,644582,527634,18272,50.8847,1.0056,0.01,Fiji ,OCEANIA                            ,905949,18270,49.6,6.18,-3.14,12.62,5800.0,93.7,112.6,10.95,4.65,84.4,2,22.55,5.65,89,135,776
118,FIN,Finland,Helsinki,Europe,5540745,5529468,5479461,5363271,5176209,4986545,4779418,4606621,338424,16.3722,1.0009,0.07,Finland ,WESTERN EUROPE                     ,5231372,338145,15.5,0.37,0.95,3.57,27400.0,100.0,405.3,7.19,0.03,92.78,3,10.45,9.86,28,295,676
23,FRA,France,Paris,Europe,64626628,64480053,63809769,62444567,58665453,56412897,53713830,50523586,551695,117.1419,1.0015,0.81,France ,WESTERN EUROPE                     ,60876136,547030,111.3,0.63,0.66,4.26,27600.0,99.0,586.4,33.53,2.07,64.4,4,11.99,9.14,22,214,764
184,GUF,French Guiana,Cayenne,South America,304557,290969,257026,228453,164351,113931,66825,46484,83534,3.6459,1.0239,0.0,French Guiana ,LATIN AMER. & CARIB    ,199509,91000,2.2,0.42,6.27,12.07,8300.0,83.0,255.6,0.14,0.05,99.81,2,20.46,4.88,66,156,778
183,PYF,French Polynesia,Papeete,Oceania,306279,301920,291787,283788,250927,211089,163591,117891,4167,73.5011,1.0074,0.0,French Polynesia ,OCEANIA                            ,274578,4167,65.9,60.60,2.94,8.44,17500.0,98.0,194.5,0.82,5.46,93.72,2,16.68,4.69,31,0.19,769
146,GAB,Gabon,Libreville,Africa,2388992,2292573,2028517,1711105,1272935,983028,749078,597192,267668,8.9252,1.0204,0.03,Gabon ,SUB-SAHARAN AFRICA                 ,1424906,267667,5.3,0.33,0,53.64,5500.0,63.2,27.4,1.26,0.66,98.08,2,36.16,12.25,61,592,348
142,GMB,Gambia,Banjul,Africa,2705992,2573995,2253133,1937275,1437539,1040616,718586,528731,10689,253.1567,1.025,0.03,Gambia. The ,SUB-SAHARAN AFRICA                 ,1641564,11300,145.3,0.71,1.57,72.02,1700.0,40.1,26.8,25.0,0.5,74.5,2,39.37,12.25,308,142,549
131,GEO,Georgia,Tbilisi,Asia,3744385,3765912,3771132,3836831,4265172,5391636,5145843,4800426,69700,53.7214,0.9964,0.05,Georgia ,C.W. OF IND. STATES ,4661473,69700,66.9,0.44,-4.7,18.59,2500.0,99.0,146.6,11.44,3.86,84.7,3,10.41,9.23,172,275,553
19,DEU,Germany,Berlin,Europe,83369843,83328988,82073226,81325090,81551677,79370196,77786703,78294583,357114,233.4544,0.9995,1.05,Germany ,WESTERN EUROPE                     ,82422299,357021,230.9,0.67,2.18,4.16,27600.0,99.0,667.9,33.85,0.59,65.56,3,8.25,10.62,9,296,695
47,GHA,Ghana,Accra,Africa,33475870,32180401,28870939,25574719,19665502,15446982,11865246,8861895,238533,140.3406,1.0196,0.42,Ghana ,SUB-SAHARAN AFRICA                 ,22409572,239460,93.6,0.23,-0.64,51.43,2200.0,74.8,14.4,16.26,9.67,74.07,2,30.52,9.72,366,246,387
219,GIB,Gibraltar,Gibraltar,Europe,32649,32709,32520,31262,27741,27317,28734,26685,6,5441.5,0.9994,0.0,Gibraltar ,WESTERN EUROPE                     ,27928,7,3989.7,171.43,0,5.13,17500.0,,877.7,0.0,0.0,100.0,nan,10.74,9.31,nan,nan,nan
90,GRC,Greece,Athens,Europe,10384971,10512232,10806641,11033783,11038109,10302255,9307148,8544873,131990,78.68,0.9942,0.13,Greece ,WESTERN EUROPE                     ,10688058,131940,81.0,10.37,2.35,5.53,20000.0,97.5,589.7,21.1,8.78,70.12,3,9.68,10.24,54,213,733
208,GRL,Greenland,Nuuk,North America,56466,56026,55895,56351,56184,55599,50106,45434,2166086,0.0261,1.004,0.0,Greenland ,NORTHERN AMERICA                   ,56361,2166086,0.0,2.04,-8.37,15.82,20000.0,,448.9,0.0,0.0,100.0,1,15.93,7.84,nan,nan,nan
193,GRD,Grenada,Saint George's,North America,125438,123663,118980,114039,107432,99047,94838,98794,344,364.6453,1.0066,0.0,Grenada ,LATIN AMER. & CARIB    ,89703,344,260.8,35.17,-13.92,14.62,5000.0,98.0,364.5,5.88,29.41,64.71,2,22.08,6.88,54,0.18,766
178,GLP,Guadeloupe,Basse-Terre,North America,395752,395642,399089,403072,424067,391951,334234,318310,1628,243.0909,0.9992,0.0,Guadeloupe ,LATIN AMER. & CARIB    ,452776,1780,254.4,17.19,-0.15,8.6,8000.0,90.0,463.8,11.24,3.55,85.21,2,15.05,6.09,0.15,0.17,0.68
191,GUM,Guam,Hagåtña,Oceania,171774,169231,167978,164905,160188,138263,110286,88300,549,312.8852,1.0073,0.0,Guam ,OCEANIA                            ,171019,541,316.1,23.20,0,6.94,21000.0,99.0,492.0,9.09,16.36,74.55,2,18.79,4.48,nan,nan,nan
68,GTM,Guatemala,Guatemala City,North America,17843908,17362718,16001107,14543121,11735894,9084780,6987767,5453208,108889,163.8725,1.0134,0.22,Guatemala ,LATIN AMER. & CARIB    ,12293545,108890,112.9,0.37,-1.67,35.93,4100.0,70.6,92.1,12.54,5.03,82.43,2,29.88,5.2,227,188,585
207,GGY,Guernsey,Saint Peter Port,Europe,63301,62794,61629,60782,59114,57727,52860,52656,78,811.5513,1.0037,0.0,Guernsey ,WESTERN EUROPE                     ,65409,78,838.6,64.10,3.84,4.71,20000.0,,842.4,,,,3,8.81,10.01,0.03,0.1,0.87
75,GIN,Guinea,Conakry,Africa,13859341,13205153,11625998,10270728,8336967,6354145,4972609,4222374,245857,56.3716,1.0242,0.17,Guinea ,SUB-SAHARAN AFRICA                 ,9690222,245857,39.4,0.13,-3.06,90.37,2100.0,35.9,2.7,3.63,2.58,93.79,2,41.76,15.48,237,362,401
149,GNB,Guinea-Bissau,Bissau,Africa,2105566,2015828,1788919,1567220,1230849,973551,831462,591663,36125,58.2856,1.0218,0.03,Guinea-Bissau ,SUB-SAHARAN AFRICA                 ,1442029,36120,39.9,0.97,-1.57,107.17,800.0,42.4,7.4,10.67,8.82,80.51,2,37.22,16.53,0.62,0.12,0.26
164,GUY,Guyana,Georgetown,South America,808726,797202,755031,747932,759051,747116,778176,705261,214969,3.7621,1.0052,0.01,Guyana ,LATIN AMER. & CARIB    ,767245,214970,3.6,0.21,-2.07,33.26,4000.0,98.8,143.5,2.44,0.15,97.41,2,18.28,8.28,0.37,203,427
82,HTI,Haiti,Port-au-Prince,North America,11584996,11306801,10563757,9842880,8360225,6925331,5646676,4680812,27750,417.4773,1.012,0.15,Haiti ,LATIN AMER. & CARIB    ,8308504,27750,299.4,6.38,-3.4,73.45,1600.0,52.9,16.9,28.3,11.61,60.09,2,36.44,12.17,0.28,0.2,0.52
89,HND,Honduras,Tegucigalpa,North America,10432860,10121763,9294505,8450933,6656725,5053234,3777990,2782753,112492,92.7431,1.015,0.13,Honduras ,LATIN AMER. & CARIB    ,7326496,112090,65.4,0.73,-1.99,29.32,2600.0,76.2,67.5,9.55,3.22,87.23,2,28.24,5.28,139,312,549
104,HKG,Hong Kong,Hong Kong,Asia,7488865,7500958,7399838,7132438,6731195,5838574,4978544,3955072,1104,6783.3922,0.9992,0.09,Hong Kong ,ASIA (EX. NEAR EAST)         ,6940432,1092,6355.7,67.12,5.24,2.97,28800.0,93.5,546.7,5.05,1.01,93.94,2,7.29,6.29,1,92,906
94,HUN,Hungary,Budapest,Europe,9967308,9750573,9844246,9986825,10202055,10375989,10698679,10315366,93028,107.1431,1.0265,0.12,Hungary ,EASTERN EUROPE                     ,9981334,93030,107.3,0.00,0.86,8.57,13900.0,99.4,336.2,50.09,2.06,47.85,3,9.72,13.11,37,312,651
179,ISL,Iceland,Reykjavík,Europe,372899,366669,331060,318333,281462,255019,228263,204468,103000,3.6204,1.0069,0.0,Iceland ,WESTERN EUROPE                     ,299388,103000,2.9,4.83,2.38,3.31,30900.0,99.9,647.7,0.07,0.0,99.93,3,13.64,6.72,86,0.15,765
2,IND,India,New Delhi,Asia,1417173173,1396387127,1322866505,1240613620,1059633675,870452165,696828385,557501301,3287590,431.0675,1.0068,17.77,India ,ASIA (EX. NEAR EAST)         ,1095351995,3287590,333.2,0.21,-0.07,56.29,2900.0,59.5,45.4,54.4,2.74,42.86,2.5,22.01,8.18,186,276,538
4,IDN,Indonesia,Jakarta,Asia,275501339,271857970,259091970,244016173,214072421,182159874,148177096,115228394,1904569,144.6529,1.0064,3.45,Indonesia ,ASIA (EX. NEAR EAST)         ,245452739,1919440,127.9,2.85,0,35.6,3200.0,87.9,52.0,11.32,7.23,81.45,2,20.34,6.25,134,458,408
17,IRN,Iran,Tehran,Asia,88550570,87290193,81790841,75373855,65544383,55793629,38520664,28449705,1648195,53.7258,1.0071,1.11,Iran ,ASIA (EX. NEAR EAST)         ,68688433,1648000,41.7,0.15,-0.84,41.58,7000.0,79.4,276.4,8.72,1.39,89.89,1,17.0,5.55,116,424,0.46
35,IRQ,Iraq,Baghdad,Asia,44496122,42556984,37757813,31264875,24628858,17658381,13653369,9811347,438317,101.5158,1.0221,0.56,Iraq ,NEAR EAST                          ,26783383,437072,61.3,0.01,0,50.25,1500.0,40.4,38.6,13.15,0.78,86.07,1,31.98,5.37,73,666,261
125,IRL,Ireland,Dublin,Europe,5023109,4946119,4665760,4524585,3768950,3485374,3391387,2937637,70273,71.4799,1.0073,0.06,Ireland ,WESTERN EUROPE                     ,4062235,70280,57.8,2.06,4.99,5.39,29600.0,98.0,500.5,15.2,0.03,84.77,3,14.45,7.82,0.05,0.46,0.49
202,IMN,Isle of Man,Douglas,Europe,84519,84046,83593,83828,75562,68865,64022,55298,572,147.7605,1.003,0.0,Congo. Repub. of the ,SUB-SAHARAN AFRICA                 ,3702314,342000,10.8,0.05,-0.17,93.86,700.0,83.8,3.7,0.51,0.13,99.36,2,42.57,12.93,62,0.57,369
202,IMN,Isle of Man,Douglas,Europe,84519,84046,83593,83828,75562,68865,64022,55298,572,147.7605,1.003,0.0,Isle of Man ,WESTERN EUROPE                     ,75441,572,131.9,27.97,5.36,5.93,21000.0,,676.0,9.0,0.0,91.0,3,11.05,11.19,0.01,0.13,0.86
98,ISR,Israel,Jerusalem,Asia,9038309,8757489,8007778,7328445,6116958,4803254,3744608,2907307,20770,435.1617,1.0155,0.11,Israel ,NEAR EAST                          ,6352117,20770,305.8,1.31,0.68,7.03,19800.0,95.4,462.3,16.39,4.17,79.44,3,17.97,6.18,26,317,657
25,ITA,Italy,Rome,Europe,59037474,59500579,60232906,59822450,56966397,56756561,56329482,53324036,301336,195.9191,0.9966,0.74,Italy ,WESTERN EUROPE                     ,58133509,301230,193.0,2.52,2.07,5.94,26700.0,98.6,430.9,27.79,9.53,62.68,nan,8.72,10.4,21,291,688
139,JAM,Jamaica,Kingston,North America,2827377,2820436,2794445,2733896,2612205,2392030,2135546,1859091,10991,257.2447,0.9999,0.04,Jamaica ,LATIN AMER. & CARIB    ,2758124,10991,250.9,9.30,-4.92,12.36,3900.0,87.9,124.0,16.07,10.16,73.77,2,20.82,6.52,49,337,615
11,JPN,Japan,Tokyo,Asia,123951692,125244761,127250933,128105431,126803861,123686321,117624196,105416839,377930,327.9753,0.9947,1.55,Japan ,ASIA (EX. NEAR EAST)         ,127463611,377835,337.4,7.87,0,3.26,28200.0,99.0,461.2,12.19,0.96,86.85,3,9.37,9.16,17,258,725
195,JEY,Jersey,Saint Helier,Europe,110778,108319,100561,96151,86192,82874,75124,68347,116,954.9828,1.0106,0.0,Jersey ,WESTERN EUROPE                     ,91084,116,785.2,60.34,2.76,5.24,24800.0,,811.3,0.0,0.0,100.0,3,9.3,9.28,0.05,0.02,0.93
83,JOR,Jordan,Amman,Asia,11285869,10928721,9494246,6931258,5056174,3480587,2216903,1557374,89342,126.3221,1.0123,0.14,Jordan ,NEAR EAST                          ,5906760,92300,64.0,0.03,6.59,17.35,4300.0,91.3,104.5,2.67,1.83,95.5,1,21.25,2.65,33,287,0.68
66,KAZ,Kazakhstan,Nursultan,Asia,19397998,18979243,17835909,16627837,15236253,16866563,14172710,12265305,2724900,7.1188,1.0105,0.24,Kazakhstan ,C.W. OF IND. STATES ,15233244,2717300,5.6,0.00,-3.35,29.21,6300.0,98.4,164.1,7.98,0.05,91.97,4,16.0,9.42,67,386,547
27,KEN,Kenya,Nairobi,Africa,54027487,51985780,46851488,41517895,30851606,23162269,16187124,11473087,580367,93.0919,1.0193,0.68,Kenya ,SUB-SAHARAN AFRICA                 ,34707817,582650,59.6,0.09,-0.1,61.47,1000.0,85.1,8.1,8.08,0.98,90.94,1.5,39.72,14.02,163,188,651
192,KIR,Kiribati,Tarawa,Oceania,131232,126463,116707,107995,88826,75124,60813,57437,811,161.815,1.0183,0.0,Kiribati ,OCEANIA                            ,105432,811,130.0,140.94,0,48.52,800.0,,42.7,2.74,50.68,46.58,2,30.65,8.26,89,242,668
129,KWT,Kuwait,Kuwait City,Asia,4268873,4360444,3908743,2943356,1934901,1674938,1493870,802786,17818,239.5821,1.0044,0.05,Kuwait ,NEAR EAST                          ,2418393,17820,135.7,2.80,14.18,9.95,19000.0,83.5,211.0,0.73,0.11,99.16,1,21.94,2.41,4,479,516
110,KGZ,Kyrgyzstan,Bishkek,Asia,6630623,6424874,5914980,5483774,4935182,4394734,3691209,3016384,199951,33.1612,1.0158,0.08,Kyrgyzstan ,C.W. OF IND. STATES ,5213898,198500,26.3,0.00,-2.45,35.64,1600.0,97.0,84.0,7.3,0.35,92.35,2.5,22.8,7.08,353,208,439
103,LAO,Laos,Vientiane,Asia,7529475,7319399,6787419,6323418,5430853,4314443,3297519,2675283,236800,31.7968,1.0141,0.09,Laos ,ASIA (EX. NEAR EAST)         ,6368481,236800,26.9,0.00,0,85.22,1700.0,66.4,14.1,3.8,0.35,95.85,2,35.49,11.55,455,287,258
151,LVA,Latvia,Riga,Europe,1850651,1897052,1991955,2101530,2392530,2689391,2572037,2397414,64559,28.666,0.9876,0.02,Latvia ,BALTICS                            ,2274735,64589,35.2,0.82,-2.23,9.55,10200.0,99.8,321.4,29.67,0.47,69.86,3,9.24,13.66,0.04,261,699
119,LBN,Lebanon,Beirut,Asia,5489739,5662923,6398940,4995800,4320642,3593700,2963702,2381791,10452,525.2334,0.9816,0.07,Lebanon ,NEAR EAST                          ,3874050,10400,372.5,2.16,0,24.52,4800.0,87.4,255.6,16.62,13.98,69.4,nan,18.52,6.21,0.12,0.21,0.67
147,LSO,Lesotho,Maseru,Africa,2305825,2254100,2118521,2022747,1998630,1798997,1407672,1023481,30355,75.962,1.0107,0.03,Lesotho ,SUB-SAHARAN AFRICA                 ,2022331,30355,66.6,0.00,-0.74,84.23,3000.0,84.8,23.7,10.87,0.13,89.0,3,24.75,28.71,163,443,394
121,LBR,Liberia,Monrovia,Africa,5302681,5087584,4612329,4019956,2895224,2209731,1932169,1463563,111369,47.6136,1.021,0.07,Liberia ,SUB-SAHARAN AFRICA                 ,3042004,111370,27.3,0.52,0,128.87,1000.0,57.5,2.3,3.95,2.28,93.77,2,44.77,23.1,769,54,177
107,LBY,Libya,Tripoli,Africa,6812341,6653942,6192235,6491988,5154790,4236983,2962720,1909177,1759540,3.8717,1.0114,0.09,Libya ,NORTHERN AFRICA                    ,5900754,1759540,3.4,0.10,0,24.6,6400.0,82.6,127.1,1.03,0.19,98.78,nan,26.49,3.48,76,499,425
216,LIE,Liechtenstein,Vaduz,Europe,39327,38756,37355,35926,33026,28765,25003,21089,160,245.7937,1.0074,0.0,Liechtenstein ,WESTERN EUROPE                     ,33987,160,212.4,0.00,4.85,4.7,25000.0,100.0,585.5,25.0,0.0,75.0,4,10.21,7.18,0.06,0.39,0.55
141,LTU,Lithuania,Vilnius,Europe,2750055,2820267,2963765,3139019,3599637,3785847,3521206,3210147,65300,42.1142,0.9869,0.03,Lithuania ,BALTICS                            ,3585906,65200,55.0,0.14,-0.71,6.89,11400.0,99.6,223.4,45.22,0.91,53.87,nan,8.75,10.98,55,325,0.62
168,LUX,Luxembourg,Luxembourg,Europe,647599,630399,569408,507070,435628,381267,363741,339342,2586,250.425,1.0129,0.01,Luxembourg ,WESTERN EUROPE                     ,474413,2586,183.5,0.00,8.97,4.81,55100.0,100.0,515.4,23.28,0.4,76.32,nan,11.94,8.41,0.01,0.13,0.86
167,MAC,Macau,Concelho de Macau,Asia,695168,676283,615239,557297,431896,350227,245332,247284,30,23172.2667,1.0125,0.01,Macau ,ASIA (EX. NEAR EAST)         ,453125,28,16183.0,146.43,4.86,4.39,19400.0,94.5,384.9,0.0,0.0,100.0,2,8.48,4.47,1,72,927
50,MDG,Madagascar,Antananarivo,Africa,29611714,28225177,24850912,21731053,16216431,11882762,8948162,6639751,587041,50.4423,1.0241,0.37,Madagascar ,SUB-SAHARAN AFRICA                 ,18595469,587040,31.7,0.82,0,76.83,800.0,68.9,3.6,5.07,1.03,93.91,2,41.41,11.11,276,165,559
62,MWI,Malawi,Lilongwe,Africa,20405317,19377061,16938942,14718422,11229387,9539665,6267369,4625141,118484,172.22,1.0259,0.26,Malawi ,SUB-SAHARAN AFRICA                 ,13013926,118480,109.8,0.00,0,103.32,600.0,62.7,7.9,23.38,1.49,75.13,2,43.13,19.33,342,158,499
45,MYS,Malaysia,Kuala Lumpur,Asia,33938221,33199993,31068833,28717731,22945150,17517054,13215707,10306508,330803,102.5934,1.0109,0.43,Malaysia ,ASIA (EX. NEAR EAST)         ,24385858,329750,74.0,1.42,0,17.7,9000.0,88.7,179.0,5.48,17.61,76.91,2,22.86,5.05,84,0.48,436
174,MDV,Maldives,Malé,Asia,523787,514438,435582,361575,282507,224957,164887,123243,300,1745.9567,1.0045,0.01,Maldives ,ASIA (EX. NEAR EAST)         ,359008,300,1196.7,214.67,0,56.52,3900.0,97.2,90.0,13.33,16.67,70.0,2,34.81,7.06,0.2,0.18,0.62
59,MLI,Mali,Bamako,Africa,22593590,21224040,18112907,15529181,11239101,8945026,7372581,6153587,1240192,18.2178,1.0314,0.28,Mali ,SUB-SAHARAN AFRICA                 ,11716829,1240000,9.5,0.00,-0.33,116.79,900.0,46.4,6.4,3.82,0.03,96.15,2,49.82,16.89,0.45,0.17,0.38
173,MLT,Malta,Valletta,Europe,533286,515357,456579,418755,399212,365392,333587,315414,316,1687.6139,1.0124,0.01,Malta ,WESTERN EUROPE                     ,400214,316,1266.5,62.28,2.07,3.89,17700.0,92.8,505.0,28.13,3.13,68.74,nan,10.22,8.1,0.03,0.23,0.74
215,MHL,Marshall Islands,Majuro,Oceania,41569,43413,49410,53416,54224,46047,31988,23969,181,229.663,0.9886,0.0,Marshall Islands ,OCEANIA                            ,60422,11854,5.1,3.12,-6.04,29.45,1600.0,93.7,91.2,16.67,38.89,44.44,2,33.05,4.78,317,149,534
180,MTQ,Martinique,Fort-de-France,North America,367507,370391,383515,392181,432543,374271,333786,326428,1128,325.8041,0.9965,0.0,Martinique ,LATIN AMER. & CARIB    ,436131,1100,396.5,31.82,-0.05,7.09,14400.0,97.7,394.4,10.38,9.43,80.19,2,13.74,6.48,0.06,0.11,0.83
126,MRT,Mauritania,Nouakchott,Africa,4736139,4498604,3946220,3419461,2695003,2006027,1506694,1122198,1030700,4.5951,1.0263,0.06,Mauritania ,SUB-SAHARAN AFRICA                 ,3177388,1030700,3.1,0.07,0,70.89,1800.0,41.7,12.9,0.48,0.01,99.51,1,40.99,12.16,0.25,0.29,0.46
157,MUS,Mauritius,Port Louis,Africa,1299469,1297828,1293153,1283330,1215930,1090290,954865,830115,2040,636.9946,1.0004,0.02,Mauritius ,SUB-SAHARAN AFRICA                 ,1240827,2040,608.3,8.68,-0.9,15.03,11400.0,85.6,289.3,49.26,2.96,47.78,2,15.43,6.86,59,298,643
182,MYT,Mayotte,Mamoudzou,Africa,326101,305587,249545,211786,159215,92659,52233,35383,374,871.9278,1.0319,0.0,Mayotte ,SUB-SAHARAN AFRICA                 ,201234,374,538.1,49.52,6.78,62.4,2600.0,,49.7,,,,2,40.95,7.7,nan,nan,nan
10,MEX,Mexico,Mexico City,North America,127504125,125998302,120149897,112532401,97873442,81720428,67705186,50289306,1964375,64.9082,1.0063,1.6,Mexico ,LATIN AMER. & CARIB    ,107449525,1972550,54.5,0.47,-4.87,20.91,9000.0,92.2,181.6,12.99,1.31,85.7,1.5,20.69,4.74,38,259,702
194,FSM,Micronesia,Palikir,Oceania,114164,112106,109462,107588,111709,98603,76299,58989,702,162.6268,1.0091,0.0,Micronesia. Fed. St. ,OCEANIA                            ,108004,702,153.9,870.66,-20.99,30.21,2000.0,89.0,114.8,5.71,45.71,48.58,2,24.68,4.75,289,152,559
135,MDA,Moldova,Chisinau,Europe,3272996,3084847,3277388,3678186,4251573,4480199,4103240,3711140,33846,96.7026,1.0691,0.04,Moldova ,C.W. OF IND. STATES ,4466706,33843,132.0,0.00,-0.26,40.42,1800.0,99.1,208.1,55.3,10.79,33.91,nan,15.7,12.64,213,233,555
217,MCO,Monaco,Monaco,Europe,36469,36922,36760,33178,32465,30329,27076,24270,2,18234.5,0.9941,0.0,Monaco ,WESTERN EUROPE                     ,32543,2,16271.5,205.00,7.75,5.43,27000.0,99.0,1035.6,0.0,0.0,100.0,nan,9.19,12.91,0.17,nan,nan
134,MNG,Mongolia,Ulaanbaatar,Asia,3398366,3294335,2964749,2702520,2450979,2161433,1697780,1293880,1564110,2.1727,1.0151,0.04,Mongolia ,ASIA (EX. NEAR EAST)         ,2832224,1564116,1.8,0.00,0,53.79,1800.0,97.8,55.1,0.77,0.0,99.23,1,21.59,6.95,206,214,0.58
230,MSR,Montserrat,Brades,North America,4390,4500,5059,4938,5138,10805,11452,11402,102,43.0392,0.9939,0.0,Montserrat ,LATIN AMER. & CARIB    ,9439,102,92.5,39.22,0,7.35,3400.0,97.0,,20.0,0.0,80.0,2,17.59,7.1,nan,nan,nan
40,MAR,Morocco,Rabat,Africa,37457971,36688772,34680458,32464865,28554415,24570814,19678444,15274351,446550,83.883,1.0103,0.47,Morocco ,NORTHERN AFRICA                    ,33241259,446550,74.4,0.41,-0.98,41.62,4000.0,51.7,40.4,19.61,2.17,78.22,nan,21.98,5.58,217,357,426
48,MOZ,Mozambique,Maputo,Africa,32969517,31178239,26843246,23073723,17768505,13303459,11413587,8411676,801590,41.1302,1.0278,0.41,Mozambique ,SUB-SAHARAN AFRICA                 ,19686505,801590,24.6,0.31,0,130.79,1200.0,47.8,3.5,5.1,0.3,94.6,2,35.18,21.35,262,348,0.39
145,NAM,Namibia,Windhoek,Africa,2567012,2489098,2282704,2099271,1819141,1369011,975994,754467,825615,3.1092,1.0146,0.03,Namibia ,SUB-SAHARAN AFRICA                 ,2044147,825418,2.5,0.19,0,48.98,7200.0,84.0,62.6,0.99,0.0,99.01,1,24.32,18.86,97,315,588
225,NRU,Nauru,Yaren,Oceania,12668,12315,11185,10241,10377,9598,7635,6663,21,603.2381,1.0125,0.0,Nauru ,OCEANIA                            ,13287,21,632.7,142.86,0,9.95,5000.0,,143.0,0.0,0.0,100.0,2,24.76,6.7,nan,nan,nan
49,NPL,Nepal,Kathmandu,Asia,30547580,29348627,27610325,27161567,24559500,19616530,15600442,12501285,147181,207.5511,1.0171,0.38,Nepal ,ASIA (EX. NEAR EAST)         ,28287147,147181,192.2,0.00,0,66.98,1400.0,45.2,15.9,21.68,0.64,77.68,nan,30.98,9.31,0.38,0.21,0.41
71,NLD,Netherlands,Amsterdam,Europe,17564014,17434557,17041107,16617116,15899135,14944548,14130387,13037686,41850,419.6897,1.0036,0.22,Netherlands ,WESTERN EUROPE                     ,16491461,41526,397.1,1.09,2.91,5.04,28600.0,99.0,460.8,26.71,0.97,72.32,3,10.9,8.68,21,244,736
71,NLD,Netherlands,Amsterdam,Europe,17564014,17434557,17041107,16617116,15899135,14944548,14130387,13037686,41850,419.6897,1.0036,0.22,Netherlands Antilles ,LATIN AMER. & CARIB    ,221736,960,231.0,37.92,-0.41,10.03,11400.0,96.7,365.3,10.0,0.0,90.0,2,14.78,6.45,0.01,0.15,0.84
185,NCL,New Caledonia,Nouméa,Oceania,289950,286403,283032,261426,221537,177264,148599,110982,18575,15.6097,1.0075,0.0,New Caledonia ,OCEANIA                            ,219246,19060,11.5,11.83,0,7.72,15000.0,91.0,252.2,0.38,0.33,99.29,2,18.11,5.69,0.15,88,762
123,NZL,New Zealand,Wellington,Oceania,5185288,5061133,4590590,4346338,3855266,3397389,3147168,2824061,270467,19.1716,1.0108,0.07,New Zealand ,OCEANIA                            ,4076140,268680,15.2,5.63,4.05,5.85,21600.0,99.0,441.7,5.6,6.99,87.41,3,13.76,7.53,43,273,684
106,NIC,Nicaragua,Managua,North America,6948392,6755895,6298598,5855734,5123222,4227820,3303309,2444767,130373,53.2962,1.0143,0.09,Nicaragua ,LATIN AMER. & CARIB    ,5570129,129494,43.0,0.70,-1.22,29.11,2300.0,67.5,39.7,15.94,1.94,82.12,2,24.51,4.45,165,275,0.56
54,NER,Niger,Niamey,Africa,26207977,24333639,20128124,16647543,11622665,8370647,6173177,4669708,1267000,20.6851,1.0378,0.33,Niger ,SUB-SAHARAN AFRICA                 ,12525094,1267000,9.9,0.00,-0.67,121.69,800.0,17.6,1.9,3.54,0.01,96.45,1,50.73,20.91,0.39,0.17,0.44
6,NGA,Nigeria,Abuja,Africa,218541212,208327405,183995785,160952853,122851984,95214257,72951439,55569264,923768,236.5759,1.0241,2.74,Nigeria ,SUB-SAHARAN AFRICA                 ,131859731,923768,142.7,0.09,0.26,98.8,900.0,68.0,9.3,31.29,2.96,65.75,1.5,40.43,16.94,269,487,244
56,PRK,North Korea,Pyongyang,Asia,26069416,25867467,25258015,24686435,23367059,20799523,17973650,14996879,120538,216.2755,1.0038,0.33,Korea. North ,ASIA (EX. NEAR EAST)         ,23113019,120540,191.8,2.07,0,24.04,1300.0,99.0,42.4,20.76,2.49,76.75,3,15.54,7.13,0.3,0.34,0.36
150,MKD,North Macedonia,Skopje,Europe,2093599,2111072,2107962,2093828,2037936,2044174,1907023,1656783,25713,81.4218,0.9954,0.03,Macedonia ,EASTERN EUROPE                     ,2050554,25333,80.9,0.00,-1.45,10.09,6700.0,,260.0,22.26,1.81,75.93,3,12.02,8.77,118,319,563
210,NFK,Northern Mariana Islands,Saipan,Oceania,49551,49587,51514,54087,80338,48002,17613,10143,464,106.7909,1.0014,0.0,N. Mariana Islands ,OCEANIA                            ,82459,477,172.9,310.69,9.61,7.11,12500.0,97.0,254.7,13.04,4.35,82.61,2,19.43,2.29,nan,nan,nan
120,NOR,Norway,Oslo,Europe,5434319,5379839,5190356,4889741,4491202,4241636,4085776,3875546,323802,16.7828,1.0058,0.07,Norway ,WESTERN EUROPE                     ,4610820,323802,14.2,7.77,1.74,3.7,37800.0,100.0,461.7,2.87,0.0,97.13,3,11.46,9.4,21,415,564
127,OMN,Oman,Muscat,Asia,4576298,4543399,4191776,2881914,2344253,1804524,1017462,670693,309500,14.7861,1.0123,0.06,Oman ,NEAR EAST                          ,3102229,212460,14.6,0.98,0.28,19.51,13100.0,75.8,85.5,0.0,0.14,99.74,1,36.24,3.81,27,0.39,583
5,PAK,Pakistan,Islamabad,Asia,235824862,227196741,210969298,194454498,154369924,115414069,80624057,59290872,881912,267.4018,1.0191,2.96,Pakistan ,ASIA (EX. NEAR EAST)         ,165803560,803940,206.2,0.13,-2.77,72.44,2100.0,45.7,31.8,27.87,0.87,71.26,1,29.74,8.23,216,251,533
222,PLW,Palau,Ngerulmud,Oceania,18055,17972,17794,18540,19726,15293,12252,11366,459,39.3355,1.0017,0.0,Palau ,OCEANIA                            ,20579,458,44.9,331.66,2.85,14.84,9000.0,92.0,325.6,8.7,4.35,86.95,2,18.03,6.8,62,0.12,818
128,PAN,Panama,Panama City,North America,4408581,4294396,3957099,3623617,3001731,2449968,1956987,1516188,75417,58.4561,1.0132,0.06,Panama ,LATIN AMER. & CARIB    ,3191319,78200,40.8,3.18,-0.91,20.47,6300.0,92.6,137.9,7.36,1.98,90.66,2,21.74,5.36,68,156,776
93,PNG,Papua New Guinea,Port Moresby,Oceania,10142619,9749640,8682174,7583269,5508297,3864972,3104788,2489059,462840,21.9139,1.0194,0.13,Papua New Guinea ,OCEANIA                            ,5670544,462840,12.3,1.11,0,51.45,2200.0,64.6,10.9,0.46,1.44,98.1,2,29.36,7.25,353,381,266
109,PRY,Paraguay,Asunción,South America,6780744,6618695,6177950,5768613,5123819,4059195,3078912,2408787,406752,16.6705,1.0115,0.09,Paraguay ,LATIN AMER. & CARIB    ,6506464,406750,16.0,0.00,-0.08,25.63,4700.0,94.0,49.2,7.6,0.23,92.17,2,29.1,4.49,224,207,569
44,PER,Peru,Lima,South America,34049588,33304756,30711863,29229572,26654439,22109099,17492406,13562371,1285216,26.4933,1.0099,0.43,Peru ,LATIN AMER. & CARIB    ,28302603,1285220,22.0,0.19,-1.05,31.94,5100.0,90.9,79.5,2.89,0.4,96.71,1.5,20.48,6.23,0.08,0.27,0.65
13,PHL,Philippines,Manila,Asia,115559009,112190977,103031365,94636700,77958223,61558898,48419546,37435586,342353,337.5434,1.0147,1.45,Philippines ,ASIA (EX. NEAR EAST)         ,89468677,300000,298.2,12.10,-1.5,23.51,4600.0,92.6,38.4,18.95,16.77,64.28,2,24.89,5.41,144,326,0.53
37,POL,Poland,Warsaw,Europe,39857145,38428366,38553146,38597353,38504431,38064255,35521429,32482943,312679,127.4698,1.0404,0.5,Poland ,EASTERN EUROPE                     ,38536869,312685,123.3,0.16,-0.49,8.51,11100.0,99.8,306.3,45.91,1.12,52.97,3,9.85,9.89,0.05,311,0.64
92,PRT,Portugal,Lisbon,Europe,10270865,10298192,10365435,10588401,10300626,10007346,9785252,8683631,92090,111.5307,0.9981,0.13,Portugal ,WESTERN EUROPE                     ,10605870,92391,114.8,1.94,3.57,5.05,18000.0,93.3,399.2,21.75,7.81,70.44,3,10.72,10.5,53,274,673
136,PRI,Puerto Rico,San Juan,North America,3252407,3271564,3497335,3717922,3827108,3543776,3214568,2737619,8870,366.675,0.9989,0.04,Puerto Rico ,LATIN AMER. & CARIB    ,3927188,13790,284.8,3.63,-1.46,8.24,16800.0,94.1,283.1,3.95,5.52,90.53,2,12.77,7.65,0.01,0.45,0.54
143,QAT,Qatar,Doha,Asia,2695122,2760385,2414573,1713504,645937,441675,277450,118007,11586,232.6189,1.0026,0.03,Qatar ,NEAR EAST                          ,885359,11437,77.4,4.92,16.29,18.61,21500.0,82.5,232.0,1.64,0.27,98.09,1,15.56,4.72,2,801,197
161,REU,Reunion,Saint-Denis,Africa,974052,957822,922495,890130,785424,658992,551674,473925,2511,387.914,1.0082,0.01,Reunion ,SUB-SAHARAN AFRICA                 ,787584,2517,312.9,8.22,0,7.78,5800.0,88.9,380.9,13.6,1.2,85.2,2,18.9,5.49,0.08,0.19,0.73
64,ROU,Romania,Bucharest,Europe,19659267,19442038,19906079,20335211,21919876,22836234,22125224,19922618,238391,82.4665,1.0171,0.25,Romania ,EASTERN EUROPE                     ,22303552,237500,93.9,0.09,-0.13,26.43,7000.0,98.4,196.9,40.82,2.25,56.93,3,10.7,11.77,101,0.35,549
9,RUS,Russia,Moscow,Europe,144713314,145617329,144668389,143242599,146844839,148005704,138257420,130093010,17098242,8.4636,0.9973,1.81,Russia ,C.W. OF IND. STATES ,142893540,17075200,8.4,0.22,1.02,15.39,8900.0,99.6,280.6,7.33,0.11,92.56,nan,9.95,14.65,54,371,575
76,RWA,Rwanda,Kigali,Africa,13776698,13146362,11642959,10309031,8109989,7319962,5247532,3896367,26338,523.0731,1.0234,0.17,Rwanda ,SUB-SAHARAN AFRICA                 ,8648248,26338,328.4,0.00,0,91.23,1300.0,70.4,2.7,40.54,12.16,47.3,3,40.37,16.09,401,229,0.37
211,KNA,Saint Kitts and Nevis,Basseterre,North America,47657,47642,47790,47403,45461,40636,43097,44968,261,182.5939,1.0011,0.0,Saint Helena ,SUB-SAHARAN AFRICA                 ,7502,413,18.2,14.53,0,19,2500.0,97.0,293.3,12.9,0.0,87.1,nan,12.13,6.53,nan,nan,nan
211,KNA,Saint Kitts and Nevis,Basseterre,North America,47657,47642,47790,47403,45461,40636,43097,44968,261,182.5939,1.0011,0.0,Saint Kitts & Nevis ,LATIN AMER. & CARIB    ,39129,261,149.9,51.72,-7.11,14.49,8800.0,97.0,638.9,19.44,2.78,77.78,2,18.02,8.33,35,258,707
190,LCA,Saint Lucia,Castries,North America,179857,179237,175623,170935,159500,142301,121633,103090,616,291.9756,1.0011,0.0,Saint Lucia ,LATIN AMER. & CARIB    ,168458,616,273.5,25.65,-2.67,13.53,5400.0,67.0,303.3,6.56,22.95,70.49,2,19.68,5.08,0.07,0.2,0.73
229,SPM,Saint Pierre and Miquelon,Saint-Pierre,North America,5862,5906,5978,6052,6274,6324,6106,5537,242,24.2231,0.9964,0.0,St Pierre & Miquelon ,NORTHERN AMERICA                   ,7026,242,29.0,49.59,-4.86,7.54,6900.0,99.0,683.2,13.04,0.0,86.96,nan,13.52,6.83,nan,nan,nan
199,VCT,Saint Vincent and the Grenadines,Kingstown,North America,103948,104632,106482,109308,113813,112487,107480,98459,389,267.2185,0.9963,0.0,Saint Vincent and the Grenadines ,LATIN AMER. & CARIB    ,117848,389,303.0,21.59,-7.64,14.78,2900.0,96.0,190.9,17.95,17.95,64.1,2,16.18,5.98,0.1,0.26,0.64
188,WSM,Samoa,Apia,Oceania,222382,214929,203571,194672,184008,168186,164905,142771,2842,78.2484,1.0165,0.0,Samoa ,OCEANIA                            ,176908,2944,60.1,13.69,-11.7,27.71,5600.0,99.7,75.2,21.2,24.38,54.42,2,16.43,6.62,114,584,302
218,SMR,San Marino,San Marino,Europe,33660,34007,33570,31608,26823,23132,21346,18169,61,551.8033,0.9975,0.0,San Marino ,WESTERN EUROPE                     ,29251,61,479.5,0.00,10.98,5.73,34600.0,96.0,704.3,16.67,0.0,83.33,nan,10.02,8.17,nan,nan,nan
187,STP,Sao Tome and Principe,São Tomé,Africa,227380,218641,201124,182138,143714,120343,97210,77583,964,235.8714,1.0192,0.0,Sao Tome & Principe ,SUB-SAHARAN AFRICA                 ,193413,1001,193.2,20.88,-2.72,43.11,1200.0,79.3,36.2,6.25,48.96,44.79,2,40.25,6.47,167,148,684
41,SAU,Saudi Arabia,Riyadh,Asia,36408820,35997107,32749848,29411929,21547390,16004763,10171710,6106191,2149690,16.9368,1.0128,0.46,Saudi Arabia ,NEAR EAST                          ,27019731,1960582,13.8,0.13,-2.71,13.24,11800.0,78.8,140.6,1.67,0.09,98.24,1,29.34,2.58,33,613,354
72,SEN,Senegal,Dakar,Africa,17316449,16436119,14356181,12530121,9704287,7536001,5703869,4367744,196722,88.025,1.0261,0.22,Senegal ,SUB-SAHARAN AFRICA                 ,11987121,196190,61.1,0.27,0.2,55.51,1600.0,40.2,22.2,12.78,0.21,87.01,2,32.78,9.42,172,209,619
105,SRB,Serbia,Belgrade,Europe,7221365,7358005,7519496,7653748,7935022,7987529,7777010,7193533,88361,81.7257,0.9897,0.09,Serbia ,EASTERN EUROPE                     ,9396411,88361,106.3,0.00,-1.33,12.89,2200.0,93.0,285.8,33.35,3.2,63.45,nan,,,166,255,579
196,SYC,Seychelles,Victoria,Africa,107118,105530,99240,92409,80060,71057,65290,54379,452,236.9867,1.0061,0.0,Seychelles ,SUB-SAHARAN AFRICA                 ,81541,455,179.2,107.91,-5.69,15.53,7800.0,58.0,262.4,2.22,13.33,84.45,2,16.03,6.29,32,304,665
102,SLE,Sierra Leone,Freetown,Africa,8605718,8233969,7314773,6436698,4584067,4325388,3367477,2778557,71740,119.957,1.022,0.11,Sierra Leone ,SUB-SAHARAN AFRICA                 ,6005250,71740,83.7,0.56,0,143.64,500.0,31.4,4.0,6.98,0.89,92.13,2,45.76,23.03,0.49,0.31,0.21
113,SGP,Singapore,Singapore,Asia,5975689,5909869,5650018,5163590,4053602,3022209,2400729,2061831,710,8416.4634,1.0058,0.07,Singapore ,ASIA (EX. NEAR EAST)         ,4492150,693,6482.2,27.85,11.53,2.29,23700.0,92.5,411.4,1.64,0.0,98.36,2,9.34,4.28,0,339,661
116,SVK,Slovakia,Bratislava,Europe,5643453,5456681,5424444,5396424,5376690,5261305,4973883,4522867,49037,115.0856,1.0359,0.07,Slovakia ,EASTERN EUROPE                     ,5439448,48845,111.4,0.00,0.3,7.41,13300.0,,220.1,30.16,2.62,67.22,3,10.65,9.45,35,294,672
148,SVN,Slovenia,Ljubljana,Europe,2119844,2117641,2080862,2057286,1984339,1986024,1901570,1741286,20273,104.5649,1.0002,0.03,Slovenia ,EASTERN EUROPE                     ,2010347,20273,99.2,0.23,1.12,4.45,19000.0,99.7,406.1,8.6,1.49,89.91,nan,8.98,10.31,28,369,603
166,SLB,Solomon Islands,Honiara,Oceania,724273,691191,612660,540394,429978,324171,233668,172833,28896,25.0648,1.0232,0.01,Solomon Islands ,OCEANIA                            ,552438,28450,19.4,18.67,0,21.29,1700.0,,13.4,0.64,2.0,97.36,2,30.01,3.92,0.42,0.11,0.47
70,SOM,Somalia,Mogadishu,Africa,17597511,16537016,13763906,12026649,8721465,6999096,5892224,3720977,637657,27.5971,1.0312,0.22,Somalia ,SUB-SAHARAN AFRICA                 ,8863338,637657,13.9,0.47,5.37,116.7,500.0,37.8,11.3,1.67,0.04,98.29,1,45.13,16.63,0.65,0.1,0.25
24,ZAF,South Africa,Pretoria,Africa,59893885,58801927,55876504,51784921,46813266,39877570,29463549,22368306,1221037,49.0517,1.0084,0.75,South Africa ,SUB-SAHARAN AFRICA                 ,44187637,1219912,36.2,0.23,-0.29,61.81,10700.0,86.4,107.0,12.08,0.79,87.13,1,18.2,22.0,25,303,671
29,KOR,South Korea,Seoul,Asia,51815810,51844690,50994401,48813042,46788591,44120039,38170501,32601143,100210,517.0722,0.9997,0.65,Korea. South ,ASIA (EX. NEAR EAST)         ,48846823,98480,496.0,2.45,0,7.05,17800.0,97.9,486.1,17.18,1.95,80.87,3,10.0,5.85,33,403,563
30,ESP,Spain,Madrid,Europe,47558630,47363807,46431342,46572772,40741651,38889889,37491666,33792617,505992,93.9909,1.0015,0.6,Spain ,WESTERN EUROPE                     ,40397842,504782,80.0,0.98,0.99,4.42,22000.0,97.9,453.5,26.07,9.87,64.06,3,10.06,9.72,0.04,295,665
61,LKA,Sri Lanka,Colombo,Asia,21832143,21715079,21336697,20668557,18776371,17204094,14943645,12388769,65610,332.7563,1.0027,0.27,Sri Lanka ,ASIA (EX. NEAR EAST)         ,20222240,65610,308.2,2.04,-1.31,14.35,3700.0,92.3,61.5,13.86,15.7,70.44,2,15.51,6.52,178,276,545
32,SDN,Sudan,Khartoum,Africa,46874204,44440486,38171178,33739933,26298773,21090886,16673586,11305206,1886068,24.8529,1.0267,0.59,Sudan ,SUB-SAHARAN AFRICA                 ,41236378,2505810,16.5,0.03,-0.02,62.5,1900.0,61.1,16.3,6.83,0.18,92.99,2,34.53,8.97,387,203,0.41
170,SUR,Suriname,Paramaribo,South America,618040,607065,575475,546080,478998,412756,375112,379918,163820,3.7727,1.0082,0.01,Suriname ,LATIN AMER. & CARIB    ,439117,163270,2.7,0.24,-8.81,23.57,4000.0,93.0,184.7,0.37,0.06,99.57,2,18.02,7.27,0.13,0.22,0.65
87,SWE,Sweden,Stockholm,Europe,10549347,10368969,9849349,9381729,8871043,8548406,8311763,8027702,450295,23.4276,1.0079,0.13,Sweden ,WESTERN EUROPE                     ,9016596,449964,20.0,0.72,1.67,2.77,26800.0,99.0,715.0,6.54,0.01,93.45,3,10.27,10.31,11,282,707
101,CHE,Switzerland,Bern,Europe,8740472,8638613,8281732,7822435,7182059,6711693,6319113,6181227,41284,211.7157,1.0056,0.11,Switzerland ,WESTERN EUROPE                     ,7523934,41290,182.2,0.00,4.05,4.39,32700.0,99.0,680.9,10.42,0.61,88.97,3,9.71,8.49,15,0.34,645
60,SYR,Syria,Damascus,Asia,22125249,20772595,19205178,22337563,16307654,12408996,8898954,6319199,185180,119.4797,1.0376,0.28,Syria ,NEAR EAST                          ,18881361,185180,102.0,0.10,0,29.53,3300.0,76.9,153.8,25.22,4.43,70.35,1,27.76,4.81,249,0.23,519
57,TWN,Taiwan,Taipei,Asia,23893394,23821464,23512136,23083083,22194731,20586174,18100281,14957870,36193,660.1662,1.0014,0.3,Taiwan ,ASIA (EX. NEAR EAST)         ,23036087,35980,640.3,4.35,0,6.4,23400.0,96.1,591.0,24.0,1.0,75.0,2,12.56,6.48,18,259,723
95,TJK,Tajikistan,Dushanbe,Asia,9952787,9543207,8524063,7621779,6272998,5417860,4045965,2993019,143100,69.5513,1.0208,0.12,Tajikistan ,C.W. OF IND. STATES ,7320815,143100,51.2,0.00,-2.86,110.76,1000.0,99.4,33.5,6.61,0.92,92.47,2,32.65,8.25,234,286,0.48
22,TZA,Tanzania,Dodoma,Africa,65497748,61704518,52542823,45110527,34463704,26206012,19297659,13618192,945087,69.3034,1.03,0.82,Tanzania ,SUB-SAHARAN AFRICA                 ,37445392,945087,39.6,0.15,-2.06,98.54,600.0,78.2,4.0,4.52,1.08,94.4,nan,37.71,16.39,432,172,396
20,THA,Thailand,Bangkok,Asia,71697030,71475664,70294397,68270489,63066603,55228410,45737753,35791728,513120,139.7276,1.0013,0.9,Thailand ,ASIA (EX. NEAR EAST)         ,64631595,514000,125.7,0.63,0,20.48,7400.0,92.6,108.9,29.36,6.46,64.18,2,13.87,7.04,99,441,0.46
100,TGO,Togo,Lomé,Africa,8848699,8442580,7473229,6571855,5008035,3875947,2838110,2197383,56785,155.8281,1.0236,0.11,Togo ,SUB-SAHARAN AFRICA                 ,5548702,56785,97.7,0.10,0,66.61,1500.0,60.9,10.6,46.15,2.21,51.64,2,37.01,9.83,395,204,401
197,TON,Tonga,Nuku‘alofa,Oceania,106858,105254,106122,107383,102603,98727,96708,86484,747,143.0495,1.0079,0.0,Tonga ,OCEANIA                            ,114689,748,153.3,56.02,0,12.62,2200.0,98.5,97.7,23.61,43.06,33.33,2,25.37,5.28,0.23,0.27,0.5
153,TTO,Trinidad and Tobago,Port-of-Spain,North America,1531044,1518147,1460177,1410296,1332203,1266518,1127852,988890,5130,298.4491,1.0035,0.02,Trinidad & Tobago ,LATIN AMER. & CARIB    ,1065842,5128,207.9,7.06,-10.83,24.31,9500.0,98.6,303.5,14.62,9.16,76.22,2,12.9,10.57,7,0.57,423
79,TUN,Tunisia,Tunis,Africa,12356117,12161723,11557779,10895063,9893316,8440023,6578156,5047404,163610,75.5218,1.0076,0.15,Tunisia ,NORTHERN AFRICA                    ,10175014,163610,62.2,0.70,-0.57,24.77,6900.0,74.2,123.6,17.86,13.74,68.4,3,15.52,5.13,132,318,0.55
18,TUR,Turkey,Ankara,Asia,85341241,84135428,79646178,73195345,64113547,54324142,44089069,35540990,783562,108.9145,1.0067,1.07,Turkey ,NEAR EAST                          ,70413958,780580,90.2,0.92,0,41.04,6700.0,86.5,269.5,30.93,3.31,65.76,3,16.62,5.97,117,298,585
111,TKM,Turkmenistan,Ashgabat,Asia,6430770,6250438,5766431,5267970,4569132,3720278,2862903,2201432,488100,13.1751,1.014,0.08,Turkmenistan ,C.W. OF IND. STATES ,5042920,488100,10.3,0.00,-0.86,73.08,5800.0,98.0,74.6,3.72,0.14,96.14,1,27.61,8.6,209,0.38,411
227,TUV,Tuvalu,Funafuti,Oceania,11312,11069,10877,10550,9638,9182,7731,5814,26,435.0769,1.0096,0.0,Tuvalu ,OCEANIA                            ,11810,26,454.2,92.31,0,20.03,1100.0,,59.3,0.0,0.0,100.0,2,22.18,7.11,166,272,562
31,UGA,Uganda,Kampala,Africa,47249585,44404611,37477356,32341728,24020697,17586630,13284026,10317212,241550,195.61,1.0304,0.59,Uganda ,SUB-SAHARAN AFRICA                 ,28195754,236040,119.5,0.00,0,67.83,1400.0,69.9,3.6,25.88,10.65,63.47,2,47.35,12.24,311,222,469
38,UKR,Ukraine,Kiev,Europe,39701739,43909666,44982564,45683020,48879755,51589817,49973920,47279086,603500,65.7858,0.912,0.5,Ukraine ,C.W. OF IND. STATES ,46710816,603700,77.4,0.46,-0.39,20.34,5400.0,99.7,259.9,56.21,1.61,42.18,3,8.82,14.39,187,452,361
97,ARE,United Arab Emirates,Abu Dhabi,Asia,9441129,9287289,8916899,8481771,3275333,1900151,1014048,298084,83600,112.9322,1.0081,0.12,United Arab Emirates ,NEAR EAST                          ,2602713,82880,31.4,1.59,1.03,14.51,23200.0,77.9,475.3,0.6,2.25,97.15,1,18.96,4.4,0.04,585,375
21,GBR,United Kingdom,London,Europe,67508936,67059474,65224364,62760039,58850043,57210442,56326328,55650166,242900,277.9289,1.0034,0.85,United Kingdom ,WESTERN EUROPE                     ,60609153,244820,247.6,5.08,2.19,5.16,27700.0,99.0,543.5,23.46,0.21,76.33,3,10.71,10.13,5,237,758
3,USA,United States,"Washington, D.C.",North America,338289857,335942003,324607776,311182845,282398554,248083732,223140018,200328340,9372610,36.0935,1.0038,4.24,United States ,NORTHERN AMERICA                   ,298444215,9631420,31.0,0.21,3.41,6.5,37800.0,97.0,898.0,19.13,0.22,80.65,3,14.14,8.26,0.01,204,787
133,URY,Uruguay,Montevideo,South America,3422794,3429086,3402818,3352651,3292224,3117012,2953750,2790265,181034,18.9069,0.999,0.04,Uruguay ,LATIN AMER. & CARIB    ,3431932,176220,19.5,0.37,-0.32,11.95,12800.0,98.0,291.4,7.43,0.23,92.34,3,13.91,9.05,93,311,596
43,UZB,Uzbekistan,Tashkent,Asia,34627652,33526656,30949417,28614227,24925554,20579100,15947129,12011361,447400,77.3975,1.016,0.43,Uzbekistan ,C.W. OF IND. STATES ,27307134,447400,61.0,0.00,-1.72,71.1,1700.0,99.3,62.9,10.83,0.83,88.34,1,26.36,7.84,342,229,0.43
181,VUT,Vanuatu,Port-Vila,Oceania,326740,311685,276438,245453,192074,150882,118156,87019,12189,26.8061,1.0238,0.0,Vanuatu ,OCEANIA                            ,208869,12200,17.1,20.72,0,55.16,2900.0,53.0,32.6,2.46,7.38,90.16,2,22.72,7.82,0.26,0.12,0.62
51,VEN,Venezuela,Caracas,South America,28301696,28490453,30529716,28715022,24427729,19750579,15210443,11355475,916445,30.882,1.0036,0.35,Venezuela ,LATIN AMER. & CARIB    ,25730435,912050,28.2,0.31,-0.04,22.2,4800.0,93.4,140.1,2.95,0.92,96.13,2,18.71,4.92,0.04,419,541
16,VNM,Vietnam,Hanoi,Asia,98186856,96648685,92191398,87411012,79001142,66912613,52968270,41928849,331212,296.4472,1.0074,1.23,Vietnam ,ASIA (EX. NEAR EAST)         ,84402966,329560,256.1,1.05,-0.45,25.95,2500.0,90.3,187.7,19.97,5.95,74.08,2,16.86,6.22,209,0.41,381
226,WLF,Wallis and Futuna,Mata-Utu,Oceania,11572,11655,12182,13142,14723,13454,11315,9377,142,81.493,0.9953,0.0,Wallis and Futuna ,OCEANIA                            ,16025,274,58.5,47.08,nan,nan,3700.0,50.0,118.6,5.0,25.0,70.0,2,,,nan,nan,nan
172,ESH,Western Sahara,El Aaiún,Africa,575986,556048,491824,413296,270375,178529,116775,76371,266000,2.1654,1.0184,0.01,Western Sahara ,NORTHERN AFRICA                    ,273008,266000,1.0,0.42,nan,nan,,,,0.02,0.0,99.98,1,,,nan,nan,0.4
46,YEM,Yemen,Sanaa,Asia,33696614,32284046,28516545,24743946,18628700,13375121,9204938,6843607,527968,63.8232,1.0217,0.42,Yemen ,NEAR EAST                          ,21456188,527970,40.6,0.36,0,61.5,800.0,50.2,37.2,2.78,0.24,96.98,1,42.89,8.3,135,472,393
63,ZMB,Zambia,Lusaka,Africa,20017675,18927715,16248230,13792086,9891136,7686401,5720438,4281671,752612,26.5976,1.028,0.25,Zambia ,SUB-SAHARAN AFRICA                 ,11502010,752614,15.3,0.00,0,88.29,800.0,80.6,8.2,7.08,0.03,92.9,2,41.0,19.93,0.22,0.29,489
74,ZWE,Zimbabwe,Harare,Africa,16320537,15669666,14154937,12839771,11834676,10113893,7049926,5202918,390757,41.7665,1.0204,0.2,Zimbabwe ,SUB-SAHARAN AFRICA                 ,12236805,390580,31.3,0.00,0,67.69,1900.0,90.7,26.8,8.32,0.34,91.34,2,28.01,21.84,179,243,579
